{
  "tiers": [
    {
      "trades": [
       {
          "wants": [
            {
              "item": "minecraft:diamond",
              "quantity": {
                "min": 9,
                "max": 12
              }
            }
          ],
          "gives": [
            {
              "item": "minecraft:trident",
              "functions": [
                {
                  "function": "enchant_with_levels",
                  "treasure": false,
                  "levels": {
                    "min": 5,
                    "max": 19
                  }
                }
              ]
            }
          ]
        },       {
          "wants": [
            {
              "item": "minecraft:diamond",
              "quantity": {
                "min": 9,
                "max": 12
              }
            }
          ],
          "gives": [
            {
              "item": "minecraft:trident",
              "functions": [
                {
                  "function": "enchant_with_levels",
                  "treasure": false,
                  "levels": {
                    "min": 5,
                    "max": 19
                  }
                }
              ]
            }
          ]
        },
        {
          "wants": [
            {
              "item": "minecraft:diamond",
              "quantity": {
                "min": 9,
                "max": 12
              }
            }
          ],
          "gives": [
            {
              "item": "minecraft:trident",
              "functions": [
                {
                  "function": "enchant_with_levels",
                  "treasure": false,
                  "levels": {
                    "min": 5,
                    "max": 19
                  }
                }
              ]
            }
          ]
        },
        {
          "wants": [
            {
              "item": "minecraft:diamond",
              "quantity": {
                "min": 9,
                "max": 12
              }
            }
          ],
          "gives": [
            {
              "item": "minecraft:trident",
              "functions": [
                {
                  "function": "enchant_with_levels",
                  "treasure": true,
                  "levels": {
                    "min": 5,
                    "max": 19
                  }
                }
              ]
            }
          ]
        }
      ]
    }
  ]
}
