{
  "minecraft:entity": {
    "format_version": "1.2.0",

    "components": {

      "minecraft:identifier": {
        "id": "minecraft:ghast"
      },
      "minecraft:breathable": {
        "totalSupply": 100,
        "suffocateTime": 0
      },
      "minecraft:nameable": {
      },
      "minecraft:health": {
        "value": 100,
        "max": 100
      },
      "minecraft:collision_box": {
        "width": 4,
        "height": 4
      },
      "minecraft:movement": {
        "value": 2.0
      },
      "minecraft:scale": {
        "value": 0.5
      },
      
      "minecraft:navigation.float": {
      },
      "minecraft:navigation.walk": {
        "can_float": true
      },
      "minecraft:movement.basic": {
      },
      "minecraft:attack": {
        "damage": 100
      },
      "minecraft:behavior.melee_attack": {
        "priority": 3,
        "speed_multiplier": 1,
        "track_target": true
      },
      "minecraft:rideable": {
        "seat_count": 10,
        "pull_in_entities": true,
        "interact_text": "action.interact.mount",
        "family_types": [ "villager","cow","player"  ],
        "seats": [
          { "position": [ -2.0, -2.0, 4.0 ]  },
          { "position": [ 2.0, -2.0, 4.0 ]  },
          { "position": [ -2.0, -2.0, -4.0 ]  },
          { "position": [ 2.0, -2.0, -4.0 ]  },
          { "position": [ -2.0, -2.0, -11.0 ]  },
          { "position": [ 2.0, -2.0, -11.0 ]  },
          { "position": [ -2.0, -2.0, -18.0 ]  },
          { "position": [ 2.0, -2.0, -18.0 ]  },
          { "position": [ -2.0, -2.0, -25.0 ]  },
          { "position": [ 2.0, -2.0, -25.0 ]  }
        ]
      },
      "minecraft:type_family": {
        "family": [ "ghast", "monster" ]
      },
      "minecraft:fall_damage": {
        "value": 0.0
      },
      "minecraft:behavior.charge_attack": {
        "priority": 4
      },
      "minecraft:behavior.nearest_attackable_target": {
        "priority": 3,
        "entity_types": [
          {
            "filters": {
              "any_of" : [
                {"test" : "is_family", "subject" : "other", "value" :  "bat"}
              ]
            },
            "max_dist": 70
          }
        ],
        "must_see": true
      },
      "minecraft:physics": {
        "has_gravity": false,
        "has_collision": false
      }
    }
  }
}
