{
  "minecraft:entity": {
    "format_version": "1.2.0",

    "component_groups": {
      "from_explosion": {
        "minecraft:explode": {
          "fuseLength": {
            "range_min": 0.5,
            "range_max": 2.0
          },
          "fuseLit": true,
          "power": 0,
          "causesFire": false
        }
      }
    },
	
    "components": {
      "minecraft:identifier": {
        "id": "minecraft:tnt"
      },
      "minecraft:type_family": {
        "family": [ "tnt" ]
      },
      "minecraft:collision_box": {
        "width": 0.98,
        "height": 0.98
      },

      "minecraft:explode": {
        "fuseLength": 1,
        "fuseLit": true,
        "power": 0,
        "causesFire": false
      },
	    "minecraft:physics": {
      }
    },
    
    "events": {
      "from_explosion": {
        "add": {
          "component_groups": [
            "from_explosion"
          ]
        }
      }
    }
  }
}
