{
	"geometry.trident": {
		"texturewidth": 128,
		"textureheight": 128,
		"bones": [
			{
				"name": "pole",
				"pivot": [0, 24, 0],
				"rotation": [0, -34.5, 0],
				"cubes": [
					{"origin": [-7, 12, -8], "size": [1, 5, 1], "uv": [0, 0], "inflate": 0.01},
					{"origin": [-7, 12, 8], "size": [1, 5, 1], "uv": [4, 0], "inflate": 0.01},
					{"origin": [-7, 10, 7], "size": [1, 9, 1], "uv": [8, 0], "inflate": 0.01},
					{"origin": [-7, 10, -7], "size": [1, 9, 1], "uv": [12, 0], "inflate": 0.01},
					{"origin": [-7, 6, -2], "size": [1, 1, 5], "uv": [16, 0], "inflate": 0.01},
					{"origin": [-7, 7, -4], "size": [1, 1, 9], "uv": [0, 10], "inflate": 0.01},
					{"origin": [-8, 8, -1], "size": [1, 1, 3], "uv": [20, 10], "inflate": 0.01},
					{"origin": [-8, 9, -3], "size": [1, 1, 7], "uv": [28, 10], "inflate": 0.01},
					{"origin": [-8, 19, -3], "size": [1, 1, 7], "uv": [44, 10], "inflate": 0.01},
					{"origin": [-8, 20, -1], "size": [1, 1, 3], "uv": [60, 10], "inflate": 0.01},
					{"origin": [-7, 22, -2], "size": [1, 1, 5], "uv": [0, 20], "inflate": 0.01},
					{"origin": [-7, 21, -4], "size": [1, 1, 9], "uv": [12, 20], "inflate": 0.01},
					{"origin": [-9, 10, -1], "size": [1, 1, 3], "uv": [32, 20], "inflate": 0.01},
					{"origin": [-9, 18, -1], "size": [1, 1, 3], "uv": [32, 24], "inflate": 0.01},
					{"origin": [-9, 13, -4], "size": [1, 3, 1], "uv": [40, 20], "inflate": 0.01},
					{"origin": [-9, 13, 4], "size": [1, 3, 1], "uv": [0, 30], "inflate": 0.01},
					{"origin": [-9, 11, -3], "size": [1, 7, 7], "uv": [0, 34], "inflate": 0.01},
					{"origin": [-8, 10, -4], "size": [1, 9, 9], "uv": [16, 30], "inflate": 0.01},
					{"origin": [-7, 8, -6], "size": [1, 13, 13], "uv": [36, 30], "inflate": 0.01},
					{"origin": [-6, 7, -7], "size": [1, 1, 15], "uv": [64, 30], "inflate": 0.01},
					{"origin": [-6, 7, -7], "size": [1, 15, 1], "uv": [0, 56], "inflate": 0.01},
					{"origin": [-6, 7, 7], "size": [1, 15, 1], "uv": [4, 56], "inflate": 0.01},
					{"origin": [-6, 8, -6], "size": [1, 1, 1], "uv": [8, 56], "inflate": 0.01},
					{"origin": [-6, 8, 6], "size": [1, 1, 1], "uv": [8, 58], "inflate": 0.01},
					{"origin": [-6, 20, -6], "size": [1, 1, 1], "uv": [8, 60], "inflate": 0.01},
					{"origin": [-6, 20, 6], "size": [1, 1, 1], "uv": [0, 72], "inflate": 0.01},
					{"origin": [-6, 21, -7], "size": [1, 1, 15], "uv": [4, 72], "inflate": 0.01},
					{"origin": [-6, 4, -2], "size": [1, 1, 5], "uv": [36, 72], "inflate": 0.01},
					{"origin": [-6, 24, -2], "size": [1, 1, 5], "uv": [36, 78], "inflate": 0.01},
					{"origin": [-6, 23, -4], "size": [1, 1, 9], "uv": [48, 72], "inflate": 0.01},
					{"origin": [-6, 5, -4], "size": [1, 1, 9], "uv": [0, 88], "inflate": 0.01},
					{"origin": [-6, 6, -6], "size": [1, 1, 13], "uv": [20, 88], "inflate": 0.01},
					{"origin": [-6, 12, 10], "size": [1, 5, 1], "uv": [48, 88], "inflate": 0.01},
					{"origin": [-8, 11, 5], "size": [1, 7, 1], "uv": [48, 94], "inflate": 0.01},
					{"origin": [-8, 13, 6], "size": [1, 3, 1], "uv": [52, 88], "inflate": 0.01},
					{"origin": [-8, 11, -5], "size": [1, 7, 1], "uv": [0, 102], "inflate": 0.01},
					{"origin": [-8, 13, -6], "size": [1, 3, 1], "uv": [4, 102], "inflate": 0.01},
					{"origin": [-6, 12, -10], "size": [1, 5, 1], "uv": [4, 106], "inflate": 0.01},
					{"origin": [-6, 10, -9], "size": [1, 9, 1], "uv": [8, 102], "inflate": 0.01},
					{"origin": [-6, 10, 9], "size": [1, 9, 1], "uv": [12, 102], "inflate": 0.01},
					{"origin": [-6, 8, 8], "size": [1, 13, 1], "uv": [0, 112], "inflate": 0.01},
					{"origin": [-6, 8, -8], "size": [1, 13, 1], "uv": [4, 112], "inflate": 0.01},
					{"origin": [-6, 22, -6], "size": [1, 1, 13], "uv": [8, 112], "inflate": 0.01}
				]
			}
		]
	}
}