{
	"geometry.spider": {
		"texturewidth": 256,
		"textureheight": 128,
		"bones": [
			{
				"name": "body0",
				"pivot": [0, 4, 0],
				"rotation": [2.5, 0, 0],
				"cubes": [
					{"origin": [17, -1, 19], "size": [8, 4, 4], "uv": [0, 45]},
					{"origin": [17, 0, 23], "size": [8, 4, 3], "uv": [42, 13]},
					{"origin": [17, 3, 26], "size": [8, 4, 3], "uv": [0, 23]},
					{"origin": [17, 2, 26], "size": [8, 1, 2], "uv": [45, 24]},
					{"origin": [17, 1, 26], "size": [8, 1, 1], "uv": [46, 62]},
					{"origin": [17, 7, 27], "size": [8, 4, 4], "uv": [23, 26]},
					{"origin": [17, 4, 29], "size": [8, 3, 1], "uv": [27, 50]},
					{"origin": [17, 11, 26], "size": [8, 3, 4], "uv": [0, 31]},
					{"origin": [17, 14, 27], "size": [8, 1, 2], "uv": [25, 61]},
					{"origin": [17, 15, 27], "size": [8, 1, 1], "uv": [46, 62]},
					{"origin": [17, 14, 23], "size": [8, 3, 4], "uv": [0, 38]},
					{"origin": [17, 13, 25], "size": [8, 1, 1], "uv": [26, 58]},
					{"origin": [17, 15, 19], "size": [8, 4, 4], "uv": [0, 53]},
					{"origin": [17, 17, 23], "size": [8, 1, 3], "uv": [0, 61]},
					{"origin": [17, 0, 16], "size": [8, 4, 3], "uv": [0, 13]},
					{"origin": [17, 3, 13], "size": [8, 4, 3], "uv": [20, 18]},
					{"origin": [17, 2, 14], "size": [8, 1, 2], "uv": [45, 24]},
					{"origin": [17, 1, 15], "size": [8, 1, 1], "uv": [46, 62]},
					{"origin": [17, 4, 16], "size": [8, 1, 1], "uv": [26, 58]},
					{"origin": [17, 7, 11], "size": [8, 4, 4], "uv": [27, 34]},
					{"origin": [17, 4, 12], "size": [8, 3, 1], "uv": [27, 50]},
					{"origin": [17, 11, 12], "size": [8, 3, 4], "uv": [26, 42]},
					{"origin": [17, 14, 15], "size": [8, 3, 4], "uv": [0, 38]},
					{"origin": [17, 17, 16], "size": [8, 1, 3], "uv": [0, 61]},
					{"origin": [17, 14, 13], "size": [8, 1, 2], "uv": [25, 61]},
					{"origin": [17, 15, 14], "size": [8, 1, 1], "uv": [46, 62]},
					{"origin": [17, 13, 16], "size": [8, 1, 1], "uv": [26, 58]},
					{"origin": [17, 4, 25], "size": [8, 1, 1], "uv": [26, 58]},
					{"origin": [-17, 8, -33], "size": [33, 4, 65], "uv": [0, 0]},
					{"origin": [17, 1, -23], "size": [7, 3, 4], "uv": [232, 28]},
					{"origin": [17, 2, -19], "size": [7, 3, 2], "uv": [235, 36]},
					{"origin": [17, 2, -25], "size": [7, 3, 2], "uv": [213, 36]},
					{"origin": [17, 3, -17], "size": [7, 4, 1], "uv": [195, 23]},
					{"origin": [17, 3, -26], "size": [7, 4, 1], "uv": [215, 28]},
					{"origin": [-12, 12, 14], "size": [23, 8, 14], "uv": [0, 72]},
					{"origin": [17, 7, -16], "size": [7, 4, 3], "uv": [232, 13]},
					{"origin": [17, 7, -29], "size": [7, 4, 3], "uv": [233, 20]},
					{"origin": [17, 11, -16], "size": [7, 3, 1], "uv": [226, 6]},
					{"origin": [17, 11, -17], "size": [7, 4, 1], "uv": [209, 6]},
					{"origin": [17, 13, -19], "size": [7, 3, 2], "uv": [210, 16]},
					{"origin": [17, 14, -23], "size": [7, 3, 4], "uv": [186, 7]},
					{"origin": [17, 13, -25], "size": [7, 3, 2], "uv": [190, 16]},
					{"origin": [17, 11, -26], "size": [7, 4, 1], "uv": [215, 22]},
					{"origin": [17, 11, -28], "size": [7, 2, 1], "uv": [226, 7]},
					{"origin": [17, 11, -27], "size": [7, 3, 1], "uv": [226, 6]},
					{"origin": [17, 11, -15], "size": [7, 2, 1], "uv": [226, 7]},
					{"origin": [17, 5, -15], "size": [7, 2, 1], "uv": [226, 7]},
					{"origin": [17, 4, -16], "size": [7, 3, 1], "uv": [226, 6]},
					{"origin": [17, 4, -27], "size": [7, 3, 1], "uv": [226, 6]},
					{"origin": [17, 5, -28], "size": [7, 2, 1], "uv": [226, 7]},
					{"origin": [16, 8, -11], "size": [6, 4, 19], "uv": [65, 0]},
					{"origin": [-23, 8, -11], "size": [6, 4, 19], "uv": [65, 0]},
					{"origin": [-12, 12, -7], "size": [23, 2, 21], "uv": [1, 105]},
					{"origin": [-12, 14, 13], "size": [23, 6, 1], "uv": [71, 106]},
					{"origin": [-12, 20, 15], "size": [23, 10, 2], "uv": [92, 116]},
					{"origin": [-12, 20, 14], "size": [23, 5, 1], "uv": [71, 107]},
					{"origin": [-12, 19.8, 17], "size": [23, 7, 3], "uv": [65, 73]},
					{"origin": [-12, 20, 20], "size": [23, 2, 3], "uv": [84, 98]},
					{"origin": [-12, 20, 23], "size": [23, 1, 1], "uv": [0, 0]},
					{"origin": [-26, -1, 19], "size": [8, 4, 4], "uv": [0, 45]},
					{"origin": [-26, 0, 23], "size": [8, 4, 3], "uv": [42, 13]},
					{"origin": [-26, 0, 16], "size": [8, 4, 3], "uv": [0, 13]},
					{"origin": [-26, 1, 26], "size": [8, 1, 1], "uv": [46, 62]},
					{"origin": [-26, 2, 26], "size": [8, 1, 2], "uv": [45, 24]},
					{"origin": [-26, 3, 26], "size": [8, 4, 3], "uv": [0, 23]},
					{"origin": [-26, 4, 29], "size": [8, 3, 1], "uv": [27, 50]},
					{"origin": [-26, 4, 25], "size": [8, 1, 1], "uv": [26, 58]},
					{"origin": [-26, 7, 27], "size": [8, 4, 4], "uv": [23, 26]},
					{"origin": [-26, 11, 26], "size": [8, 3, 4], "uv": [0, 31]},
					{"origin": [-26, 14, 27], "size": [8, 1, 2], "uv": [25, 61]},
					{"origin": [-26, 15, 27], "size": [8, 1, 1], "uv": [46, 62]},
					{"origin": [-26, 14, 23], "size": [8, 3, 4], "uv": [0, 38]},
					{"origin": [-26, 17, 23], "size": [8, 1, 3], "uv": [0, 61]},
					{"origin": [-26, 15, 19], "size": [8, 4, 4], "uv": [0, 53]},
					{"origin": [-26, 14, 15], "size": [8, 3, 4], "uv": [0, 38]},
					{"origin": [-26, 13, 16], "size": [8, 1, 1], "uv": [26, 58]},
					{"origin": [-26, 15, 14], "size": [8, 1, 1], "uv": [46, 62]},
					{"origin": [-26, 14, 13], "size": [8, 1, 2], "uv": [25, 61]},
					{"origin": [-26, 11, 12], "size": [8, 3, 4], "uv": [26, 42]},
					{"origin": [-26, 7, 11], "size": [8, 4, 4], "uv": [27, 34]},
					{"origin": [-26, 2, 14], "size": [8, 1, 2], "uv": [45, 24]},
					{"origin": [-26, 1, 15], "size": [8, 1, 1], "uv": [46, 62]},
					{"origin": [-26, 3, 13], "size": [8, 4, 3], "uv": [20, 18]},
					{"origin": [-26, 4, 12], "size": [8, 3, 1], "uv": [27, 50]},
					{"origin": [-26, 4, 16], "size": [8, 1, 1], "uv": [26, 58]},
					{"origin": [-26, 13, 25], "size": [8, 1, 1], "uv": [26, 58]},
					{"origin": [-25, 1, -23], "size": [7, 3, 4], "uv": [232, 28]},
					{"origin": [-25, 2, -25], "size": [7, 3, 2], "uv": [213, 36]},
					{"origin": [-25, 2, -19], "size": [7, 3, 2], "uv": [235, 36]},
					{"origin": [-25, 3, -26], "size": [7, 4, 1], "uv": [215, 28]},
					{"origin": [-25, 4, -27], "size": [7, 3, 1], "uv": [226, 6]},
					{"origin": [-25, 5, -28], "size": [7, 2, 1], "uv": [226, 7]},
					{"origin": [-25, 7, -29], "size": [7, 4, 3], "uv": [233, 20]},
					{"origin": [-25, 11, -28], "size": [7, 2, 1], "uv": [226, 7]},
					{"origin": [-25, 11, -27], "size": [7, 3, 1], "uv": [226, 6]},
					{"origin": [-25, 11, -26], "size": [7, 4, 1], "uv": [215, 22]},
					{"origin": [-25, 13, -25], "size": [7, 3, 2], "uv": [190, 16]},
					{"origin": [-25, 14, -23], "size": [7, 3, 4], "uv": [186, 7]},
					{"origin": [-25, 13, -19], "size": [7, 3, 2], "uv": [210, 16]},
					{"origin": [-25, 11, -17], "size": [7, 4, 1], "uv": [209, 6]},
					{"origin": [-25, 11, -16], "size": [7, 3, 1], "uv": [226, 6]},
					{"origin": [-25, 11, -15], "size": [7, 2, 1], "uv": [226, 6]},
					{"origin": [-25, 7, -16], "size": [7, 4, 3], "uv": [232, 13]},
					{"origin": [-25, 5, -15], "size": [7, 2, 1], "uv": [226, 6]},
					{"origin": [-25, 3, -17], "size": [7, 4, 1], "uv": [195, 23]},
					{"origin": [-25, 4, -16], "size": [7, 3, 1], "uv": [226, 6]},
					{"origin": [-25, 8, -22], "size": [49, 2, 2], "uv": [133, 0]},
					{"origin": [-26, 8, 20], "size": [51, 2, 2], "uv": [132, 0]},
					{"origin": [-3, 22, -9], "size": [5, 1, 1], "uv": [3, 112]},
					{"origin": [-3, 29, -9], "size": [5, 1, 1], "uv": [3, 105]},
					{"origin": [-5, 24, -9], "size": [1, 4, 1], "uv": [0, 108]},
					{"origin": [3, 24, -9], "size": [1, 4, 1], "uv": [0, 106]},
					{"origin": [22, 11, 20.5], "size": [2, 4, 1], "uv": [136, 10]},
					{"origin": [22, 8.5, 15], "size": [2, 1, 4], "uv": [136, 9]},
					{"origin": [22, 7, 19], "size": [2, 4, 1], "uv": [134, 10]},
					{"origin": [22, 11, 18], "size": [2, 1, 1], "uv": [140, 9]},
					{"origin": [22, 12, 17], "size": [2, 1, 1], "uv": [136, 15]},
					{"origin": [22, 8.5, 23], "size": [2, 1, 4], "uv": [135, 14]},
					{"origin": [21, 3, 20.5], "size": [2, 4, 1], "uv": [139, 6]},
					{"origin": [22, 7, 22], "size": [2, 4, 1], "uv": [138, 12]},
					{"origin": [22, 7, 20], "size": [2, 1, 2], "uv": [138, 12]},
					{"origin": [22, 10, 20], "size": [2, 1, 2], "uv": [137, 12]},
					{"origin": [22, 11, 23], "size": [2, 1, 1], "uv": [141, 13]},
					{"origin": [22, 12, 24], "size": [2, 1, 1], "uv": [140, 18]},
					{"origin": [22, 6, 18], "size": [2, 1, 1], "uv": [138, 13]},
					{"origin": [22, 5, 17], "size": [2, 1, 1], "uv": [137, 13]},
					{"origin": [22, 5, 24], "size": [2, 1, 1], "uv": [140, 11]},
					{"origin": [22, 6, 23], "size": [2, 1, 1], "uv": [136, 11]},
					{"origin": [-25, 7, 22], "size": [2, 4, 1], "uv": [141, 10]},
					{"origin": [-25, 7, 19], "size": [2, 4, 1], "uv": [140, 11]},
					{"origin": [-25, 10, 20], "size": [2, 1, 2], "uv": [134, 8]},
					{"origin": [-25, 7, 20], "size": [2, 1, 2], "uv": [141, 14]},
					{"origin": [-25, 11, 20.5], "size": [2, 4, 1], "uv": [138, 6]},
					{"origin": [-25, 3, 20.5], "size": [2, 4, 1], "uv": [135, 8]},
					{"origin": [-25, 8.5, 23], "size": [2, 1, 4], "uv": [138, 13]},
					{"origin": [-25, 8.5, 15], "size": [2, 1, 4], "uv": [140, 11]},
					{"origin": [-25, 11, 23], "size": [2, 1, 1], "uv": [138, 8]},
					{"origin": [-25, 12, 24], "size": [2, 1, 1], "uv": [138, 9]},
					{"origin": [-25, 5, 24], "size": [2, 1, 1], "uv": [139, 8]},
					{"origin": [-25, 6, 23], "size": [2, 1, 1], "uv": [139, 12]},
					{"origin": [-25, 6, 18], "size": [2, 1, 1], "uv": [137, 12]},
					{"origin": [-25, 5, 17], "size": [2, 1, 1], "uv": [140, 14]},
					{"origin": [-25, 12, 17], "size": [2, 1, 1], "uv": [135, 15]},
					{"origin": [-25, 11, 18], "size": [2, 1, 1], "uv": [140, 15]},
					{"origin": [-26, 17, 16], "size": [8, 1, 3], "uv": [0, 61]},
					{"origin": [22, 10, -22], "size": [1, 1, 2], "uv": [144, 15]},
					{"origin": [22, 7, -22], "size": [1, 1, 2], "uv": [140, 8]},
					{"origin": [22, 7, -23], "size": [1, 4, 1], "uv": [139, 13]},
					{"origin": [22, 7, -20], "size": [1, 4, 1], "uv": [136, 9]},
					{"origin": [22, 11, -21.5], "size": [1, 3, 1], "uv": [139, 11]},
					{"origin": [22, 4, -21.5], "size": [1, 3, 1], "uv": [146, 13]},
					{"origin": [22, 8.5, -19], "size": [1, 1, 3], "uv": [137, 11]},
					{"origin": [22, 8.5, -26], "size": [1, 1, 3], "uv": [139, 11]},
					{"origin": [22, 6, -24], "size": [1, 1, 1], "uv": [143, 14]},
					{"origin": [22, 11, -24], "size": [1, 1, 1], "uv": [140, 11]},
					{"origin": [22, 12, -25], "size": [1, 1, 1], "uv": [136, 11]},
					{"origin": [22, 5, -25], "size": [1, 1, 1], "uv": [136, 15]},
					{"origin": [22, 5, -18], "size": [1, 1, 1], "uv": [136, 8]},
					{"origin": [22, 6, -19], "size": [1, 1, 1], "uv": [138, 12]},
					{"origin": [22, 11, -19], "size": [1, 1, 1], "uv": [141, 12]},
					{"origin": [22, 12, -18], "size": [1, 1, 1], "uv": [136, 12]},
					{"origin": [-24, 10, -22], "size": [1, 1, 2], "uv": [140, 11]},
					{"origin": [-24, 7, -23], "size": [1, 4, 1], "uv": [137, 12]},
					{"origin": [-24, 7, -22], "size": [1, 1, 2], "uv": [136, 13]},
					{"origin": [-24, 7, -20], "size": [1, 4, 1], "uv": [136, 11]},
					{"origin": [-24, 11, -21.5], "size": [1, 3, 1], "uv": [138, 10]},
					{"origin": [-24, 4, -21.5], "size": [1, 3, 1], "uv": [137, 11]},
					{"origin": [-24, 8.5, -19], "size": [1, 1, 3], "uv": [138, 14]},
					{"origin": [-24, 8.5, -26], "size": [1, 1, 3], "uv": [137, 14]},
					{"origin": [-24, 11, -19], "size": [1, 1, 1], "uv": [140, 12]},
					{"origin": [-24, 12, -18], "size": [1, 1, 1], "uv": [136, 16]},
					{"origin": [-24, 5, -18], "size": [1, 1, 1], "uv": [137, 11]},
					{"origin": [-24, 6, -19], "size": [1, 1, 1], "uv": [138, 11]},
					{"origin": [-24, 6, -24], "size": [1, 1, 1], "uv": [136, 12]},
					{"origin": [-24, 5, -25], "size": [1, 1, 1], "uv": [138, 12]},
					{"origin": [-24, 12, -25], "size": [1, 1, 1], "uv": [136, 11]},
					{"origin": [-24, 11, -24], "size": [1, 1, 1], "uv": [139, 15]},
					{"origin": [-1, 25, -10], "size": [1, 2, 1], "uv": [9, 112]},
					{"origin": [-3, 26, -9], "size": [5, 1, 1], "uv": [3, 113]},
					{"origin": [-1, 23, -9], "size": [1, 3, 1], "uv": [1, 114]},
					{"origin": [2, 12, -16], "size": [1, 2, 1], "uv": [0, 112]},
					{"origin": [-4, 12, -16], "size": [1, 2, 1], "uv": [0, 108]},
					{"origin": [-12, 22, 22], "size": [23, 1, 1], "uv": [23, 98]},
					{"origin": [-12, 22, 21], "size": [23, 1, 1], "uv": [24, 97]},
					{"origin": [-12, 22, 20], "size": [23, 2, 1], "uv": [85, 92]},
					{"origin": [2, 28, -9], "size": [1, 1, 1], "uv": [0, 110]},
					{"origin": [-4, 28, -9], "size": [1, 1, 1], "uv": [3, 117]},
					{"origin": [-4, 23, -9], "size": [1, 1, 1], "uv": [0, 110]},
					{"origin": [2, 23, -9], "size": [1, 1, 1], "uv": [1, 101]},
					{"origin": [2, 27, -9], "size": [1, 1, 1], "uv": [9, 106]},
					{"origin": [-4, 27, -9], "size": [1, 1, 1], "uv": [13, 116]},
					{"origin": [-2, 26.5, -9], "size": [3, 1, 1], "uv": [10, 115]},
					{"origin": [0, 25, -9], "size": [1, 1, 1], "uv": [6, 111]},
					{"origin": [-2, 25, -9], "size": [1, 1, 1], "uv": [14, 113]}
				]
			},
			{
				"name": "body1",
				"pivot": [0, 4, 0],
				"rotation": [-46, 0, 0],
				"cubes": [
					{"origin": [-13, -15, -27], "size": [25, 25, 5], "uv": [134, 33]},
					{"origin": [7, 33, 5], "size": [4, 11, 4], "uv": [47, 47]},
					{"origin": [-12, 33, 5], "size": [4, 11, 4], "uv": [47, 47]},
					{"origin": [-2, 10, -24], "size": [3, 2, 2], "uv": [0, 114]},
					{"origin": [1, -1, -19], "size": [3, 1, 5], "uv": [2, 111]},
					{"origin": [-5, -1, -19], "size": [3, 1, 5], "uv": [2, 111]},
					{"origin": [-12, 32, -4], "size": [23, 2, 10], "uv": [122, 72]}
				]
			}
		]
	}
}