{
  "minecraft:entity": {
    "format_version": "1.2.0",
    "component_groups": {
      "minecraft:default": {
				"minecraft:damage_sensor": [
					{
						"cause": "fall_damage",
						"deals_damage": true
					},
					{
						"cause": "magic",
						"deals_damage": true
					},
					{
						"cause": "wither",
						"deals_damage": true
					}
				],
				"minecraft:knockback_resistance": {
					"value": 1
				},
        "minecraft:spell_effects": {
          "remove_effects": [
            "resistance",
            "jump_boost",
             "speed"  
          ]
        }
      },
      "minecraft:shield": {
				"minecraft:damage_sensor": [
					{
						"cause": "fall_damage",
						"deals_damage": false
					},
					{
						"cause": "magic",
						"deals_damage": false
					},
					{
						"cause": "wither",
						"deals_damage": false
					}
				],
				"minecraft:knockback_resistance": {
					"value": 1
				},
        "minecraft:spell_effects": {
          "add_effects": [
            {
              "effect": "resistance",
              "amplifier": 3,
              "visible": false,
              "ambient": false,
              "duration": 999999999
            },
            {
              "effect": "jump_boost",
              "amplifier": 2,
              "visible": false,
              "ambient": false,
              "duration": 999999999
            },
            {
              "effect": "speed",
              "amplifier": 1,
              "visible": false,
              "ambient": false,
              "duration": 999999999
            }
          ]
        }
      }
    },
    "components": {
      "minecraft:identifier": {
        "id": "minecraft:player"
      },
      "minecraft:type_family": {
        "family": [
          "player"
        ]
      },
      "minecraft:loot": {
        "table": "loot_tables/empty.json"
      },
      "minecraft:collision_box": {
        "width": 0.6,
        "height": 1.8
      },
      "minecraft:can_climb": {},
      "minecraft:player.experience": {
        "value": 0,
        "max": 1
      },
      "minecraft:breathable": {
        "totalSupply": 15,
        "suffocateTime": -1,
        "inhaleTime": 3.75,
        "generatesBubbles": false
      },
      "minecraft:nameable": {
        "alwaysShow": true,
        "allowNameTagRenaming": false
      },
      "minecraft:rideable": {
        "seat_count": 2,
        "family_types": [
          "parrot_tame"
        ],
        "pull_in_entities": true,
        "seats": [
          {
            "position": [
              0.4,
              -0.15,
              0.04
            ],
            "min_rider_count": 0,
            "max_rider_count": 0,
            "lock_rider_rotation": 0
          },
          {
            "position": [
              -0.4,
              -0.15,
              0.04
            ],
            "min_rider_count": 1,
            "max_rider_count": 2,
            "lock_rider_rotation": 0
          }
        ]
      },
      "minecraft:environment_sensor": [
        {
          "on_environment": {
            "filters": {
              "all_of": [
                {
                  "test": "has_equipment",
                  "domain": "any",
                  "operator": "<>",
                  "subject": "self",
                  "value": "trident"
                }
              ]
            },
            "event": "minecraft:reset"
          }
        },
        {
          "on_environment": {
            "filters": {
              "all_of": [
                {
                  "test": "has_equipment",
                  "domain": "any",
                  "operator": "=",
                  "subject": "self",
                  "value": "trident"
                }
              ]
            },
            "event": "minecraft:set_shield"
          }
        }
      ],
      "minecraft:physics": {}
    },
    "events": {
      "minecraft:reset": {
        "remove": {
          "component_groups": [
            "minecraft:shield"
          ]
        },
        "add": {
          "component_groups": [
            "minecraft:default"
          ]
        }
      },
      "minecraft:set_shield": {
        "remove": {
          "component_groups": [
            "minecraft:default"
          ]
        },
        "add": {
          "component_groups": [
            "minecraft:shield"
          ]
        }
      }
    }
  }
}