{
  "minecraft:entity": {
    "format_version": 0.1,
 
    "components": {
      "minecraft:identifier": {
        "id": "minecraft:cave_spider"
      },
      "minecraft:health": {
        "value": 150,
        "max": 150
      },
      "minecraft:balloonable": {
        "mass": 0.6
      },
      "minecraft:collision_box": {
        "width": 2.14,
        "height": 1.0
      },
      "minecraft:loot": {
        "table": "loot_tables/entities/kart1.json"
      },
      "minecraft:movement": {
        "value": 0.38,
        "max": 0.38
      },
      "minecraft:fall_damage": {
        "value": 0.0
      },
      "minecraft:scale": {
        "value": 1.06
      },
	  "minecraft:fire_immune": true,
        "minecraft:rideable": {
          "seat_count": 1,
          "interact_text": "Drive",
          "seats": {
            "position": [ -0.03, 0.4, -0.4]
          }        
        },
        "minecraft:behavior.controlled_by_player": {
          "priority": 0
        },
"minecraft:input_ground_controlled": {
},

        "minecraft:type_family": {
          "family": [ "kart" ]
        }
    },

    "events": {
    }
  }
}