{
	"geometry.ghast": {
		"texturewidth": 2336,
		"textureheight": 2336,
		"bones": [
			{
				"name": "tentacles_0",
				"pivot": [-3.8, 1, -5]
			},
			{
				"name": "tentacles_1",
				"pivot": [0, 0, 0]
			},
			{
				"name": "tentacles_2",
				"pivot": [6.3, 1, -5]
			},
			{
				"name": "tentacles_3",
				"pivot": [-6.3, 1, 0]
			},
			{
				"name": "tentacles_4",
				"pivot": [-1.3, 1, 0]
			},
			{
				"name": "tentacles_5",
				"pivot": [3.8, 1, 0]
			},
			{
				"name": "tentacles_6",
				"pivot": [-3.8, 1, 5]
			},
			{
				"name": "tentacles_7",
				"pivot": [1.3, 1, 5]
			},
			{
				"name": "tentacles_8",
				"pivot": [6.3, 1, 5]
			},
			{
				"name": "body",
				"pivot": [0, 8, 0],
				"cubes": [
					{"origin": [-30, 1, 43], "size": [6, 12, 12], "uv": [106, 0]},
					{"origin": [-30, 3, 55], "size": [6, 8, 1], "uv": [170, 0]},
					{"origin": [-30, 3, 42], "size": [6, 8, 1], "uv": [142, 9]},
					{"origin": [-30, 0, 45], "size": [6, 1, 8], "uv": [142, 0]},
					{"origin": [-30, 13, 45], "size": [6, 1, 8], "uv": [0, 9]},
					{"origin": [-30, 1, -82], "size": [6, 12, 12], "uv": [28, 0]},
					{"origin": [-30, 0, -80], "size": [6, 1, 8], "uv": [64, 0]},
					{"origin": [-30, 3, -70], "size": [6, 8, 1], "uv": [92, 0]},
					{"origin": [-30, 3, -83], "size": [6, 8, 1], "uv": [64, 9]},
					{"origin": [-30, 13, -80], "size": [6, 1, 8], "uv": [0, 0]},
					{"origin": [-29, 2, -53], "size": [2, 46, 12], "uv": [356, 82]},
					{"origin": [-29, 2, -41], "size": [2, 46, 12], "uv": [356, 24]},
					{"origin": [-29.5, 28, -21], "size": [3, 18, 16], "uv": [318, 126]},
					{"origin": [-29.5, 28, 3], "size": [3, 18, 16], "uv": [318, 92]},
					{"origin": [-29.45, 28, 27], "size": [3, 18, 16], "uv": [318, 58]},
					{"origin": [-29.5, 28, 51], "size": [3, 18, 16], "uv": [318, 24]},
					{"origin": [-29.5, 28, 75], "size": [3, 18, 16], "uv": [34, 306]},
					{"origin": [-30, 42, -21], "size": [4, 1, 16], "uv": [112, 323]},
					{"origin": [-30, 39, 3], "size": [4, 1, 16], "uv": [112, 306]},
					{"origin": [-30, 37, 27], "size": [4, 1, 16], "uv": [72, 323]},
					{"origin": [-30, 41, 51], "size": [4, 1, 16], "uv": [72, 306]},
					{"origin": [-30, 38, 75], "size": [4, 1, 16], "uv": [356, 140]},
					{"origin": [-29, 4, -29], "size": [2, 11, 70], "uv": [0, 183]},
					{"origin": [-30, 15, -84], "size": [1, 3, 16], "uv": [0, 306]},
					{"origin": [-30, 7, -68], "size": [1, 11, 3], "uv": [0, 325]},
					{"origin": [-30, 7, -87], "size": [1, 11, 3], "uv": [692, 280]},
					{"origin": [-29, 15, -84], "size": [2, 11, 16], "uv": [164, 183]},
					{"origin": [-29, 4, -92], "size": [2, 17, 8], "uv": [144, 271]},
					{"origin": [-29, 2, -68], "size": [2, 27, 7], "uv": [144, 237]},
					{"origin": [-29, 2, -61], "size": [2, 46, 8], "uv": [144, 183]},
					{"origin": [-29, 4, 57], "size": [2, 11, 39], "uv": [650, 24]},
					{"origin": [-29, 15, -29], "size": [2, 33, 125], "uv": [396, 24]},
					{"origin": [-29, 48, -61], "size": [2, 2, 157], "uv": [0, 24]},
					{"origin": [-30, 11, -28], "size": [2, 2, 65], "uv": [692, 213]},
					{"origin": [-30, 11, 62], "size": [2, 2, 28], "uv": [692, 183]},
					{"origin": [-30, 19, -28], "size": [2, 2, 121], "uv": [446, 183]},
					{"origin": [-30, 25, -28], "size": [2, 2, 121], "uv": [200, 183]},
					{"origin": [-32, 22, 64], "size": [1, 31, 8], "uv": [10, 340]},
					{"origin": [-32, 4, 51], "size": [1, 4, 4], "uv": [28, 370]},
					{"origin": [-32, 11, 58], "size": [1, 4, 4], "uv": [28, 362]},
					{"origin": [-32, 8, 47], "size": [1, 4, 4], "uv": [28, 354]},
					{"origin": [-32, 15, 54], "size": [1, 4, 4], "uv": [28, 346]},
					{"origin": [-32, 22, 61], "size": [1, 3, 3], "uv": [28, 340]},
					{"origin": [-32, 18, 65], "size": [1, 4, 4], "uv": [0, 340]},
					{"origin": [-32, 15, 58], "size": [1, 7, 7], "uv": [168, 306]},
					{"origin": [-32, 8, 51], "size": [1, 7, 7], "uv": [152, 314]},
					{"origin": [-32, 3, 46], "size": [1, 6, 1], "uv": [38, 346]},
					{"origin": [-23, 1, 40], "size": [1, 1, 5], "uv": [0, 387]},
					{"origin": [-32, 1, 40], "size": [1, 1, 5], "uv": [0, 381]},
					{"origin": [-31, 1, 40], "size": [8, 1, 1], "uv": [0, 379]},
					{"origin": [-23, 2, 43], "size": [1, 1, 5], "uv": [0, 393]},
					{"origin": [-32, 2, 43], "size": [1, 1, 5], "uv": [38, 353]},
					{"origin": [-32, 3, 47], "size": [1, 1, 5], "uv": [38, 340]},
					{"origin": [-32, 4, 47], "size": [1, 4, 4], "uv": [152, 306]},
					{"origin": [-32, 4, -78], "size": [1, 4, 4], "uv": [0, 399]},
					{"origin": [-32, 22, -61], "size": [1, 31, 8], "uv": [18, 379]},
					{"origin": [-32, 4, -74], "size": [1, 4, 4], "uv": [36, 379]},
					{"origin": [-32, 11, -67], "size": [1, 4, 4], "uv": [36, 387]},
					{"origin": [-32, 8, -78], "size": [1, 4, 4], "uv": [36, 395]},
					{"origin": [-32, 15, -71], "size": [1, 4, 4], "uv": [36, 403]},
					{"origin": [-32, 22, -64], "size": [1, 3, 3], "uv": [0, 418]},
					{"origin": [-32, 18, -60], "size": [1, 4, 4], "uv": [0, 424]},
					{"origin": [-32, 15, -67], "size": [1, 7, 7], "uv": [10, 418]},
					{"origin": [-32, 8, -74], "size": [1, 7, 7], "uv": [26, 418]},
					{"origin": [-32, 3, -79], "size": [1, 6, 1], "uv": [42, 418]},
					{"origin": [-23, 1, -85], "size": [1, 1, 5], "uv": [42, 425]},
					{"origin": [-32, 1, -85], "size": [1, 1, 5], "uv": [54, 418]},
					{"origin": [-31, 1, -85], "size": [8, 1, 1], "uv": [54, 424]},
					{"origin": [-23, 2, -82], "size": [1, 1, 5], "uv": [54, 426]},
					{"origin": [-32, 2, -82], "size": [1, 1, 5], "uv": [72, 418]},
					{"origin": [-32, 3, -78], "size": [1, 1, 5], "uv": [0, 432]},
					{"origin": [20, 1, 43], "size": [6, 12, 12], "uv": [12, 432]},
					{"origin": [20, 3, 55], "size": [6, 8, 1], "uv": [48, 432]},
					{"origin": [-27, 5, 41], "size": [1, 10, 17], "uv": [120, 1540]},
					{"origin": [22, 5, 41], "size": [1, 10, 17], "uv": [50, 1540]},
					{"origin": [20, 3, 42], "size": [6, 8, 1], "uv": [48, 441]},
					{"origin": [20, 0, 45], "size": [6, 1, 8], "uv": [62, 432]},
					{"origin": [20, 13, 45], "size": [6, 1, 8], "uv": [62, 441]},
					{"origin": [20, 1, -82], "size": [6, 12, 12], "uv": [90, 432]},
					{"origin": [20, 0, -80], "size": [6, 1, 8], "uv": [126, 432]},
					{"origin": [-27, 5, -84], "size": [1, 6, 16], "uv": [156, 1540]},
					{"origin": [22, 5, -84], "size": [1, 6, 16], "uv": [86, 1540]},
					{"origin": [20, 3, -70], "size": [6, 8, 1], "uv": [126, 441]},
					{"origin": [20, 3, -83], "size": [6, 8, 1], "uv": [154, 432]},
					{"origin": [20, 13, -80], "size": [6, 1, 8], "uv": [0, 456]},
					{"origin": [22.5, 28, -53], "size": [3, 14, 21], "uv": [0, 844]},
					{"origin": [22.5, 28, -21], "size": [3, 18, 16], "uv": [28, 456]},
					{"origin": [22.5, 28, 3], "size": [3, 18, 16], "uv": [66, 456]},
					{"origin": [22.55, 28, 27], "size": [3, 18, 16], "uv": [104, 456]},
					{"origin": [22.5, 28, 51], "size": [3, 18, 16], "uv": [142, 456]},
					{"origin": [22.5, 28, 75], "size": [3, 18, 16], "uv": [180, 456]},
					{"origin": [22, 42, -21], "size": [4, 1, 16], "uv": [218, 456]},
					{"origin": [22, 39, 3], "size": [4, 1, 16], "uv": [218, 473]},
					{"origin": [22, 37, 27], "size": [4, 1, 16], "uv": [258, 456]},
					{"origin": [22, 41, 51], "size": [4, 1, 16], "uv": [258, 473]},
					{"origin": [22, 38, 75], "size": [4, 1, 16], "uv": [0, 490]},
					{"origin": [23, 4, -53], "size": [2, 11, 94], "uv": [40, 490]},
					{"origin": [25, 15, -84], "size": [1, 3, 16], "uv": [232, 490]},
					{"origin": [25, 7, -68], "size": [1, 11, 3], "uv": [232, 509]},
					{"origin": [25, 7, -87], "size": [1, 11, 3], "uv": [232, 523]},
					{"origin": [23, 15, -84], "size": [2, 11, 16], "uv": [232, 537]},
					{"origin": [23, 4, -92], "size": [2, 17, 8], "uv": [232, 564]},
					{"origin": [23, 2, -68], "size": [2, 27, 7], "uv": [268, 490]},
					{"origin": [23, 2, -61], "size": [2, 46, 8], "uv": [268, 524]},
					{"origin": [23, 4, 57], "size": [2, 11, 39], "uv": [288, 490]},
					{"origin": [23, 15, -53], "size": [2, 33, 149], "uv": [0, 595]},
					{"origin": [23, 48, -61], "size": [2, 2, 157], "uv": [302, 595]},
					{"origin": [24, 11, -51], "size": [2, 2, 88], "uv": [620, 595]},
					{"origin": [24, 11, 62], "size": [2, 2, 28], "uv": [620, 685]},
					{"origin": [24, 19, -51], "size": [2, 2, 144], "uv": [800, 595]},
					{"origin": [24, 25, -51], "size": [2, 2, 144], "uv": [1092, 595]},
					{"origin": [27, 22, 64], "size": [1, 31, 8], "uv": [1384, 595]},
					{"origin": [27, 4, 51], "size": [1, 4, 4], "uv": [1384, 634]},
					{"origin": [27, 11, 58], "size": [1, 4, 4], "uv": [1384, 642]},
					{"origin": [27, 8, 47], "size": [1, 4, 4], "uv": [1384, 650]},
					{"origin": [27, 15, 54], "size": [1, 4, 4], "uv": [0, 777]},
					{"origin": [27, 22, 61], "size": [1, 3, 3], "uv": [0, 785]},
					{"origin": [27, 18, 65], "size": [1, 4, 4], "uv": [10, 777]},
					{"origin": [27, 15, 58], "size": [1, 7, 7], "uv": [20, 777]},
					{"origin": [27, 8, 51], "size": [1, 7, 7], "uv": [36, 777]},
					{"origin": [27, 3, 46], "size": [1, 6, 1], "uv": [52, 777]},
					{"origin": [27, 1, 40], "size": [1, 1, 5], "uv": [52, 784]},
					{"origin": [18, 1, 40], "size": [1, 1, 5], "uv": [64, 777]},
					{"origin": [19, 1, 40], "size": [8, 1, 1], "uv": [64, 783]},
					{"origin": [27, 2, 43], "size": [1, 1, 5], "uv": [64, 785]},
					{"origin": [18, 2, 43], "size": [1, 1, 5], "uv": [0, 791]},
					{"origin": [27, 3, 47], "size": [1, 1, 5], "uv": [0, 797]},
					{"origin": [27, 4, 47], "size": [1, 4, 4], "uv": [0, 803]},
					{"origin": [27, 4, -78], "size": [1, 4, 4], "uv": [0, 811]},
					{"origin": [27, 22, -61], "size": [1, 31, 8], "uv": [12, 791]},
					{"origin": [27, 4, -74], "size": [1, 4, 4], "uv": [30, 791]},
					{"origin": [27, 11, -67], "size": [1, 4, 4], "uv": [30, 799]},
					{"origin": [27, 8, -78], "size": [1, 4, 4], "uv": [30, 807]},
					{"origin": [27, 15, -71], "size": [1, 4, 4], "uv": [30, 815]},
					{"origin": [27, 22, -64], "size": [1, 3, 3], "uv": [30, 823]},
					{"origin": [27, 18, -60], "size": [1, 4, 4], "uv": [0, 830]},
					{"origin": [27, 15, -67], "size": [1, 7, 7], "uv": [10, 830]},
					{"origin": [27, 8, -74], "size": [1, 7, 7], "uv": [26, 830]},
					{"origin": [27, 3, -79], "size": [1, 6, 1], "uv": [42, 830]},
					{"origin": [27, 1, -85], "size": [1, 1, 5], "uv": [42, 837]},
					{"origin": [18, 1, -85], "size": [1, 1, 5], "uv": [54, 830]},
					{"origin": [19, 1, -85], "size": [8, 1, 1], "uv": [54, 836]},
					{"origin": [27, 2, -82], "size": [1, 1, 5], "uv": [54, 838]},
					{"origin": [18, 2, -82], "size": [1, 1, 5], "uv": [72, 830]},
					{"origin": [27, 3, -78], "size": [1, 1, 5], "uv": [72, 836]},
					{"origin": [-27, 30, -61], "size": [50, 18, 1], "uv": [0, 897]},
					{"origin": [-27, 13, -68], "size": [50, 17, 7], "uv": [210, 844]},
					{"origin": [-21, 26, -84], "size": [38, 2, 16], "uv": [0, 879]},
					{"origin": [-27, 11, -84], "size": [50, 15, 16], "uv": [78, 844]},
					{"origin": [-15, 11, -92], "size": [26, 13, 2], "uv": [506, 844]},
					{"origin": [-16, 11, -90], "size": [28, 14, 2], "uv": [442, 861]},
					{"origin": [-17, 11, -88], "size": [30, 15, 2], "uv": [442, 844]},
					{"origin": [-18, 11, -86], "size": [32, 16, 2], "uv": [354, 859]},
					{"origin": [-30, 3, -94], "size": [56, 8, 4], "uv": [190, 1217]},
					{"origin": [-21, 4, -90], "size": [37, 7, 6], "uv": [354, 844]},
					{"origin": [16, 4, -92], "size": [7, 17, 8], "uv": [324, 844]},
					{"origin": [-27, 4, -92], "size": [7, 17, 8], "uv": [48, 844]},
					{"origin": [-27, 48, -61], "size": [50, 2, 157], "uv": [896, 879]},
					{"origin": [-27, 50, -61], "size": [50, 1, 157], "uv": [482, 879]},
					{"origin": [-19, 51, -61], "size": [34, 1, 157], "uv": [1310, 879]},
					{"origin": [-11, 52, -61], "size": [18, 1, 157], "uv": [132, 879]},
					{"origin": [-31, 53, 64], "size": [58, 1, 8], "uv": [1692, 879]},
					{"origin": [-3, 74, -3], "size": [2, 28, 25], "uv": [112, 1217]},
					{"origin": [-7, 68, 4], "size": [10, 6, 10], "uv": [72, 1217]},
					{"origin": [-11, 65, 0], "size": [18, 3, 18], "uv": [0, 1249]},
					{"origin": [-9, 62, 2], "size": [14, 3, 14], "uv": [0, 1232]},
					{"origin": [-8, 59, 3], "size": [12, 3, 12], "uv": [0, 1217]},
					{"origin": [-6, 57, 4], "size": [10, 2, 10], "uv": [714, 1160]},
					{"origin": [-10, 55, -3], "size": [16, 2, 24], "uv": [714, 1134]},
					{"origin": [-16, 53, -3], "size": [6, 4, 24], "uv": [714, 1106]},
					{"origin": [6, 53, -3], "size": [6, 4, 24], "uv": [714, 1078]},
					{"origin": [-8, 53, -53], "size": [12, 1, 117], "uv": [0, 1038]},
					{"origin": [-31, 53, -61], "size": [58, 1, 8], "uv": [0, 916]},
					{"origin": [25, 54, 65], "size": [1, 4, 6], "uv": [714, 1058]},
					{"origin": [25, 54, -60], "size": [1, 4, 6], "uv": [714, 1048]},
					{"origin": [25, 58, -58], "size": [1, 64, 2], "uv": [178, 1217]},
					{"origin": [-29, 58, -58], "size": [1, 64, 2], "uv": [172, 1217]},
					{"origin": [25, 58, 67], "size": [1, 64, 2], "uv": [184, 1217]},
					{"origin": [-29, 58, 67], "size": [1, 64, 2], "uv": [166, 1217]},
					{"origin": [-29, 54, 65], "size": [1, 4, 6], "uv": [714, 1068]},
					{"origin": [-29, 54, -60], "size": [1, 4, 6], "uv": [714, 1038]},
					{"origin": [-27, 10, 94], "size": [50, 38, 2], "uv": [1692, 899]},
					{"origin": [-30, 3, 94], "size": [56, 7, 4], "uv": [1692, 888]},
					{"origin": [-27, 4, -84], "size": [50, 1, 178], "uv": [258, 1038]},
					{"origin": [-14, 111, -37], "size": [25, 150, 87], "uv": [2070, 1283]},
					{"origin": [-22, 116, -47], "size": [40, 140, 107], "uv": [1776, 1283]},
					{"origin": [-30, 122, -59], "size": [57, 128, 129], "uv": [324, 1283]},
					{"origin": [-35, 134, -46], "size": [67, 105, 105], "uv": [696, 1283]},
					{"origin": [-14, 148, -76], "size": [24, 80, 159], "uv": [1410, 1283]},
					{"origin": [-22, 134, -68], "size": [40, 105, 145], "uv": [1040, 1283]},
					{"origin": [-40, 146, -36], "size": [77, 82, 85], "uv": [0, 1283]},
					{"origin": [25, 7, 38], "size": [1, 11, 3], "uv": [2070, 1520]},
					{"origin": [25, 15, 41], "size": [1, 3, 16], "uv": [2294, 1283]},
					{"origin": [25, 7, 57], "size": [1, 11, 3], "uv": [2294, 1302]},
					{"origin": [-30, 7, 57], "size": [1, 11, 3], "uv": [0, 1540]},
					{"origin": [-30, 15, 41], "size": [1, 3, 16], "uv": [8, 1540]},
					{"origin": [-30, 7, 38], "size": [1, 11, 3], "uv": [42, 1540]}
				]
			}
		]
	},
	"geometry.bat": {
		"texturewidth": 16,
		"textureheight": 16,
		"bones": [
			{
				"name": "head",
				"pivot": [0, 24, 0]
			},
			{
				"name": "rightEar",
				"pivot": [0, 24, 0]
			},
			{
				"name": "leftEar",
				"pivot": [0, 24, 0],
				"mirror": true
			},
			{
				"name": "body",
				"pivot": [0, 0, 0.5],
				"cubes": [
					{"origin": [-1, -1, -1], "size": [2, 2, 2], "uv": [0, 0]}
				]
			},
			{
				"name": "rightWing",
				"pivot": [0, 24, 0]
			},
			{
				"name": "rightWingTip",
				"pivot": [-12, 23, 1.5]
			},
			{
				"name": "leftWing",
				"pivot": [0, 24, 0],
				"mirror": true
			},
			{
				"name": "leftWingTip",
				"pivot": [12, 23, 1.5],
				"mirror": true
			}
		]
	}
}