{
  "kart": {
    "category": "neutral",
    "sounds": [
	  {
        "name": "sounds/mob/kart/step1",
        "volume": 0.6,
        "load_on_low_memory": true
      },
	  {
        "name": "sounds/mob/kart/step2",
        "volume": 0.6,
        "load_on_low_memory": true
      },
	  {
        "name": "sounds/mob/kart/step3",
        "volume": 0.6,
        "load_on_low_memory": true
      },
	  {
        "name": "sounds/mob/kart/step4",
        "volume": 0.6,
        "load_on_low_memory": true
      },
	  {
        "name": "sounds/mob/kart/step5",
        "volume": 0.6,
        "load_on_low_memory": true
      }
]
}
}