{
 "minecraft:entity": {
  "version": 1,

  "components": {
   "minecraft:identifier": {
    "id": "minecraft:arrow.skeleton"
   },
   "minecraft:collision_box": {
    "width": 0.15,
    "height": 0.15
   },
   "minecraft:projectile": {
    
    "onHit": {
     "impact_damage": {
      "damage": 5,
      "knockback": true,
      "semirandomdiffdamage": false,
      "shouldbounce": true,
      "destroyonhit": true
     },
     "stick_in_ground": {
     },
     "arrow_effect": {
     }
    },
    "power": 3,
    "gravity": 0.00001,
    "uncertaintyBase": 16,
    "uncertaintyMultiplier": 4,
    "anchor": 1,
    "offset": [ 0, -0.1, 0 ]
   }
  }
 }
}
