{
  "entity_sounds": {
    "entities": {

      "spider": {
        "volume": 1.0,
        "pitch": [ 0.0, 5.1 ],
        "events": {
          "ambient": "",
          "hurt": "",
          "death": "",
          "step": {
            "sound": "kart",
            "volume": 0.7,
            "pitch": 1.05
          }
        }
      }, 

"cave_spider": {
        "volume": 1.0,
        "pitch": [ 0.0, 5.1 ],
        "events": {
          "ambient": "",
          "hurt": "",
          "death": "",
          "step": {
            "sound": "kart",
            "volume": 0.7,
            "pitch": 1.05
          }
        }
      }

}
}
}